<?xml version="1.0" encoding="utf-8" standalone="yes"?>
<rss version="2.0" xmlns:atom="http://www.w3.org/2005/Atom">
  <channel>
    <title>About on Sukesh Perla | Personal Blog | 2x Kaggle Expert </title>
    <link>https://sukeshperla.com/tags/about/</link>
    <description>Recent content in About on Sukesh Perla | Personal Blog | 2x Kaggle Expert </description>
    <generator>Hugo -- gohugo.io</generator>
    <language>en-us</language>
    <lastBuildDate>Fri, 08 Mar 2024 00:00:00 +0000</lastBuildDate>
    <atom:link href="https://sukeshperla.com/tags/about/index.xml" rel="self" type="application/rss+xml" />
    <item>
      <title>Welcome to my personal blog</title>
      <link>https://sukeshperla.com/2024/03/welcome-to-my-personal-blog/</link>
      <pubDate>Fri, 08 Mar 2024 00:00:00 +0000</pubDate>
      <guid>https://sukeshperla.com/2024/03/welcome-to-my-personal-blog/</guid>
      <description>&lt;p&gt;&lt;strong&gt;Hello, I am Sukesh😎&lt;/strong&gt;&lt;/p&gt;</description>
    </item>
    <item>
      <title>My Journey to Ireland</title>
      <link>https://sukeshperla.com/2024/01/my-journey-to-ireland/</link>
      <pubDate>Fri, 19 Jan 2024 00:00:00 +0000</pubDate>
      <guid>https://sukeshperla.com/2024/01/my-journey-to-ireland/</guid>
      <description>&lt;p&gt;Your life is sum of your experiences.&lt;/p&gt;</description>
    </item>
  </channel>
</rss>
