<?xml version="1.0" encoding="utf-8" standalone="yes"?>
<rss version="2.0" xmlns:atom="http://www.w3.org/2005/Atom">
  <channel>
    <title>Packages on Sukesh Perla | Personal Blog | 2x Kaggle Expert </title>
    <link>https://sukeshperla.com/categories/packages/</link>
    <description>Recent content in Packages on Sukesh Perla | Personal Blog | 2x Kaggle Expert </description>
    <generator>Hugo -- gohugo.io</generator>
    <language>en-us</language>
    <lastBuildDate>Sun, 04 Feb 2024 00:00:00 +0000</lastBuildDate>
    <atom:link href="https://sukeshperla.com/categories/packages/index.xml" rel="self" type="application/rss+xml" />
    <item>
      <title>Say Hi to faster processing with Pandas</title>
      <link>https://sukeshperla.com/2024/02/say-hi-to-faster-processing-with-pandas/</link>
      <pubDate>Sun, 04 Feb 2024 00:00:00 +0000</pubDate>
      <guid>https://sukeshperla.com/2024/02/say-hi-to-faster-processing-with-pandas/</guid>
      <description>&lt;p&gt;Unlock faster processing in Pandas.&lt;/p&gt;</description>
    </item>
  </channel>
</rss>
