<?xml version="1.0" encoding="utf-8" standalone="yes"?>
<rss version="2.0" xmlns:atom="http://www.w3.org/2005/Atom">
  <channel>
    <title>Data Analysis on Sukesh Perla | Personal Blog | 2x Kaggle Expert </title>
    <link>https://sukeshperla.com/tags/data-analysis/</link>
    <description>Recent content in Data Analysis on Sukesh Perla | Personal Blog | 2x Kaggle Expert </description>
    <generator>Hugo -- gohugo.io</generator>
    <language>en-us</language>
    <lastBuildDate>Thu, 18 Jan 2024 00:00:00 +0000</lastBuildDate>
    <atom:link href="https://sukeshperla.com/tags/data-analysis/index.xml" rel="self" type="application/rss+xml" />
    <item>
      <title>Data Science Salary Analysis</title>
      <link>https://sukeshperla.com/2024/01/data-science-salary-analysis/</link>
      <pubDate>Thu, 18 Jan 2024 00:00:00 +0000</pubDate>
      <guid>https://sukeshperla.com/2024/01/data-science-salary-analysis/</guid>
      <description>&lt;p&gt;Deep dive into Data Science salaries across the world.&lt;/p&gt;</description>
    </item>
    <item>
      <title>The Mystic H1B Decoded</title>
      <link>https://sukeshperla.com/2023/11/the-mystic-h1b-decoded/</link>
      <pubDate>Wed, 01 Nov 2023 00:00:00 +0000</pubDate>
      <guid>https://sukeshperla.com/2023/11/the-mystic-h1b-decoded/</guid>
      <description>&lt;p&gt;Deep dive into H1B Visa Analysis.&lt;/p&gt;</description>
    </item>
    <item>
      <title>Monkey Pox EDA &amp; Modelling</title>
      <link>https://sukeshperla.com/2023/09/monkey-pox-eda-modelling/</link>
      <pubDate>Fri, 01 Sep 2023 00:00:00 +0000</pubDate>
      <guid>https://sukeshperla.com/2023/09/monkey-pox-eda-modelling/</guid>
      <description>&lt;p&gt;Data and Geo analysis on virulent Monkey Pox virus.&lt;/p&gt;</description>
    </item>
    <item>
      <title>Covid 19 Data Analysis - India</title>
      <link>https://sukeshperla.com/2020/01/covid-19-data-analysis-india/</link>
      <pubDate>Wed, 01 Jan 2020 00:00:00 +0000</pubDate>
      <guid>https://sukeshperla.com/2020/01/covid-19-data-analysis-india/</guid>
      <description>&lt;p&gt;Key insights into how rampant the covid was in India.&lt;/p&gt;</description>
    </item>
  </channel>
</rss>
