<?xml version="1.0" encoding="utf-8" standalone="yes"?>
<rss version="2.0" xmlns:atom="http://www.w3.org/2005/Atom">
  <channel>
    <title>Geo Spatial Analysis on Sukesh Perla | Personal Blog | 2x Kaggle Expert </title>
    <link>https://sukeshperla.com/tags/geo-spatial-analysis/</link>
    <description>Recent content in Geo Spatial Analysis on Sukesh Perla | Personal Blog | 2x Kaggle Expert </description>
    <generator>Hugo -- gohugo.io</generator>
    <language>en-us</language>
    <lastBuildDate>Thu, 07 Mar 2024 00:00:00 +0000</lastBuildDate>
    <atom:link href="https://sukeshperla.com/tags/geo-spatial-analysis/index.xml" rel="self" type="application/rss+xml" />
    <item>
      <title>Geo Spatial Analysis</title>
      <link>https://sukeshperla.com/2024/03/geo-spatial-analysis/</link>
      <pubDate>Thu, 07 Mar 2024 00:00:00 +0000</pubDate>
      <guid>https://sukeshperla.com/2024/03/geo-spatial-analysis/</guid>
      <description>&lt;p&gt;&lt;strong&gt;Why Geo based analysis is good!&lt;/strong&gt;&lt;/p&gt;</description>
    </item>
  </channel>
</rss>
