<?xml version="1.0" encoding="utf-8" standalone="yes"?>
<rss version="2.0" xmlns:atom="http://www.w3.org/2005/Atom">
  <channel>
    <title>Image Detection on Sukesh Perla | Personal Blog | 2x Kaggle Expert </title>
    <link>https://sukeshperla.com/categories/image-detection/</link>
    <description>Recent content in Image Detection on Sukesh Perla | Personal Blog | 2x Kaggle Expert </description>
    <generator>Hugo -- gohugo.io</generator>
    <language>en-us</language>
    <lastBuildDate>Mon, 01 Aug 2022 00:00:00 +0000</lastBuildDate>
    <atom:link href="https://sukeshperla.com/categories/image-detection/index.xml" rel="self" type="application/rss+xml" />
    <item>
      <title>Breast Cancer Detection using CNN</title>
      <link>https://sukeshperla.com/2022/08/breast-cancer-detection-using-cnn/</link>
      <pubDate>Mon, 01 Aug 2022 00:00:00 +0000</pubDate>
      <guid>https://sukeshperla.com/2022/08/breast-cancer-detection-using-cnn/</guid>
      <description>&lt;p&gt;CNN using Histopathological Images.&lt;/p&gt;</description>
    </item>
    <item>
      <title>Digit Recognition using LeNet</title>
      <link>https://sukeshperla.com/2022/01/digit-recognition-using-lenet/</link>
      <pubDate>Sat, 01 Jan 2022 00:00:00 +0000</pubDate>
      <guid>https://sukeshperla.com/2022/01/digit-recognition-using-lenet/</guid>
      <description>&lt;p&gt;Some Cool Convolutional Neural Network in Action.&lt;/p&gt;</description>
    </item>
  </channel>
</rss>
