<?xml version="1.0" encoding="utf-8" standalone="yes"?>
<rss version="2.0" xmlns:atom="http://www.w3.org/2005/Atom">
  <channel>
    <title>Tags on Sukesh Perla | Personal Blog | 2x Kaggle Expert </title>
    <link>https://sukeshperla.com/tags/</link>
    <description>Recent content in Tags on Sukesh Perla | Personal Blog | 2x Kaggle Expert </description>
    <generator>Hugo -- gohugo.io</generator>
    <language>en-us</language>
    <lastBuildDate>Fri, 08 Mar 2024 00:00:00 +0000</lastBuildDate>
    <atom:link href="https://sukeshperla.com/tags/index.xml" rel="self" type="application/rss+xml" />
    <item>
      <title>About</title>
      <link>https://sukeshperla.com/tags/about/</link>
      <pubDate>Fri, 08 Mar 2024 00:00:00 +0000</pubDate>
      <guid>https://sukeshperla.com/tags/about/</guid>
      <description></description>
    </item>
    <item>
      <title>Data visualisation</title>
      <link>https://sukeshperla.com/tags/data-visualisation/</link>
      <pubDate>Thu, 07 Mar 2024 00:00:00 +0000</pubDate>
      <guid>https://sukeshperla.com/tags/data-visualisation/</guid>
      <description></description>
    </item>
    <item>
      <title>Geo Spatial Analysis</title>
      <link>https://sukeshperla.com/tags/geo-spatial-analysis/</link>
      <pubDate>Thu, 07 Mar 2024 00:00:00 +0000</pubDate>
      <guid>https://sukeshperla.com/tags/geo-spatial-analysis/</guid>
      <description></description>
    </item>
    <item>
      <title>Pandas</title>
      <link>https://sukeshperla.com/tags/pandas/</link>
      <pubDate>Sun, 04 Feb 2024 00:00:00 +0000</pubDate>
      <guid>https://sukeshperla.com/tags/pandas/</guid>
      <description></description>
    </item>
    <item>
      <title>Data Analysis</title>
      <link>https://sukeshperla.com/tags/data-analysis/</link>
      <pubDate>Thu, 18 Jan 2024 00:00:00 +0000</pubDate>
      <guid>https://sukeshperla.com/tags/data-analysis/</guid>
      <description></description>
    </item>
    <item>
      <title>Computer Vision</title>
      <link>https://sukeshperla.com/tags/computer-vision/</link>
      <pubDate>Mon, 01 Aug 2022 00:00:00 +0000</pubDate>
      <guid>https://sukeshperla.com/tags/computer-vision/</guid>
      <description></description>
    </item>
  </channel>
</rss>
