<?xml version="1.0" encoding="utf-8" standalone="yes"?>
<rss version="2.0" xmlns:atom="http://www.w3.org/2005/Atom">
  <channel>
    <title>Archives on Sukesh Perla | Personal Blog | 2x Kaggle Expert </title>
    <link>https://sukeshperla.com/archives/</link>
    <description>Recent content in Archives on Sukesh Perla | Personal Blog | 2x Kaggle Expert </description>
    <generator>Hugo -- gohugo.io</generator>
    <language>en-us</language>
    <atom:link href="https://sukeshperla.com/archives/index.xml" rel="self" type="application/rss+xml" />
  </channel>
</rss>
